<?xml version="1.0" encoding="UTF-8" standalone="yes"?>
<manifest>
  <control namespace="Cathal" constructor="PCFCountdown" display-name-key="PCFCountdown_Display_Key" description-key="PCFCountdown_Description_Key" control-type="standard" version="0.3.1" api-version="1.3.4">
    <property name="dateTime" display-name-key="DateTime_Display_Key" description-key="DateTime_Description_Key" of-type-group="DateAndTimes" usage="bound" required="true"/>
    <type-group name="DateAndTimes">
      <type>DateAndTime.DateAndTime</type>
      <type>DateAndTime.DateOnly</type>
    </type-group>
    <resources>
      <code path="bundle.js" order="1"/>
      <resx path="strings/PCFCountdown.1033.resx" version="0.3.1"/>
    </resources>
    <built-by name="pac" version="1.14.4"/>
  </control>
</manifest>